State,County,Census Tract Number,Life Expectancy,Life Expectancy Range,Life Expectancy Standard Error
Florida,(blank),,80.1,79.6-81.6,0.
Florida,"Miami-Dade County, FL",0001.07,82.1,81.7-97.5,1.8154
Florida,"Miami-Dade County, FL",0001.09,75.9,75.2-77.5,1.9962
Florida,"Miami-Dade County, FL",0001.13,89.2,81.7-97.5,2.7034
Florida,"Miami-Dade County, FL",0001.15,82.1,81.7-97.5,2.5957
Florida,"Miami-Dade County, FL",0001.18,81.2,79.6-81.6,1.9346
Florida,"Miami-Dade County, FL",0001.19,,,
Florida,"Miami-Dade County, FL",0001.20,84.5,81.7-97.5,2.0247
Florida,"Miami-Dade County, FL",0001.21,81.2,79.6-81.6,1.0705
Florida,"Miami-Dade County, FL",0001.22,84.6,81.7-97.5,1.9075
Florida,"Miami-Dade County, FL",0001.23,80.7,79.6-81.6,1.2103
Florida,"Miami-Dade County, FL",0001.24,75.9,75.2-77.5,1.5184
Florida,"Miami-Dade County, FL",0001.25,84.1,81.7-97.5,3.8472
Florida,"Miami-Dade County, FL",0001.26,77.9,77.6-79.5,1.4002
Florida,"Miami-Dade County, FL",0001.27,87.5,81.7-97.5,3.3784
Florida,"Miami-Dade County, FL",0001.28,79.8,79.6-81.6,1.8038
Florida,"Miami-Dade County, FL",0001.29,83.8,81.7-97.5,2.7152
Florida,"Miami-Dade County, FL",0001.30,82.1,81.7-97.5,1.1395
Florida,"Miami-Dade County, FL",0001.31,,,
Florida,"Miami-Dade County, FL",0001.32,84,81.7-97.5,2.0671
Florida,"Miami-Dade County, FL",0001.33,88.1,81.7-97.5,2.4499
Florida,"Miami-Dade County, FL",0001.34,83.3,81.7-97.5,1.8262
Florida,"Miami-Dade County, FL",0001.40,,,
Florida,"Miami-Dade County, FL",0002.02,85,81.7-97.5,3.3353
Florida,"Miami-Dade County, FL",0002.04,75.9,75.2-77.5,1.9663
Florida,"Miami-Dade County, FL",0002.06,79.1,77.6-79.5,2.1114
Florida,"Miami-Dade County, FL",0002.09,78.8,77.6-79.5,2.4206
Florida,"Miami-Dade County, FL",0002.11,78.8,77.6-79.5,2.0511
Florida,"Miami-Dade County, FL",0002.12,76.4,75.2-77.5,2.2952
Florida,"Miami-Dade County, FL",0002.13,78.4,77.6-79.5,1.1609
Florida,"Miami-Dade County, FL",0002.14,81.3,79.6-81.6,1.5576
Florida,"Miami-Dade County, FL",0002.15,79.6,79.6-81.6,3.4892
Florida,"Miami-Dade County, FL",0002.16,74.6,56.9-75.1,1.303
Florida,"Miami-Dade County, FL",0002.17,82.5,81.7-97.5,3.5096
Florida,"Miami-Dade County, FL",0002.18,79,77.6-79.5,1.8865
Florida,"Miami-Dade County, FL",0002.19,77.2,75.2-77.5,1.5785
Florida,"Miami-Dade County, FL",0002.20,74.7,56.9-75.1,1.1414
Florida,"Miami-Dade County, FL",0003.01,74.3,56.9-75.1,1.7235
Florida,"Miami-Dade County, FL",0003.02,78.2,77.6-79.5,1.2089
Florida,"Miami-Dade County, FL",0003.05,74.6,56.9-75.1,1.2193
Florida,"Miami-Dade County, FL",0003.06,76.6,75.2-77.5,1.7463
Florida,"Miami-Dade County, FL",0003.07,79.3,77.6-79.5,1.797
Florida,"Miami-Dade County, FL",0003.08,79.4,77.6-79.5,1.6082
Florida,"Miami-Dade County, FL",0004.02,74.7,56.9-75.1,1.9735
Florida,"Miami-Dade County, FL",0004.03,72.7,56.9-75.1,2.2888
Florida,"Miami-Dade County, FL",0004.04,74.5,56.9-75.1,1.2777
Florida,"Miami-Dade County, FL",0004.05,77.4,75.2-77.5,1.1931
Florida,"Miami-Dade County, FL",0004.08,71.2,56.9-75.1,2.9792
Florida,"Miami-Dade County, FL",0004.09,76.8,75.2-77.5,2.1222
Florida,"Miami-Dade County, FL",0004.10,80,79.6-81.6,3.1721
Florida,"Miami-Dade County, FL",0004.11,74.7,56.9-75.1,1.3194
Florida,"Miami-Dade County, FL",0004.12,76.3,75.2-77.5,2.3888
Florida,"Miami-Dade County, FL",0004.13,76.9,75.2-77.5,2.0908
Florida,"Miami-Dade County, FL",0004.14,79.6,79.6-81.6,2.54
Florida,"Miami-Dade County, FL",0005.01,77.5,75.2-77.5,1.3189
Florida,"Miami-Dade County, FL",0005.03,74.4,56.9-75.1,1.4933
Florida,"Miami-Dade County, FL",0005.04,79.8,79.6-81.6,3.1324
Florida,"Miami-Dade County, FL",0005.05,81.8,81.7-97.5,1.4689
Florida,"Miami-Dade County, FL",0006.01,80,79.6-81.6,1.1897
Florida,"Miami-Dade County, FL",0006.02,80.5,79.6-81.6,1.8554
Florida,"Miami-Dade County, FL",0006.03,82,81.7-97.5,1.5318
Florida,"Miami-Dade County, FL",0006.04,82.7,81.7-97.5,1.4023
Florida,"Miami-Dade County, FL",0006.05,78.9,77.6-79.5,1.8117
Florida,"Miami-Dade County, FL",0006.07,83.7,81.7-97.5,1.6622
Florida,"Miami-Dade County, FL",0006.08,81.8,81.7-97.5,1.5064
Florida,"Miami-Dade County, FL",0007.05,80.7,79.6-81.6,1.4536
Florida,"Miami-Dade County, FL",0007.06,84.3,81.7-97.5,1.9042
Florida,"Miami-Dade County, FL",0007.07,77.9,77.6-79.5,0.8112
Florida,"Miami-Dade County, FL",0007.08,77.9,77.6-79.5,1.1317
Florida,"Miami-Dade County, FL",0007.09,77.5,75.2-77.5,1.1667
Florida,"Miami-Dade County, FL",0007.10,84.2,81.7-97.5,2.4783
Florida,"Miami-Dade County, FL",0007.11,80.2,79.6-81.6,1.6284
Florida,"Miami-Dade County, FL",0007.12,84,81.7-97.5,3.1782
Florida,"Miami-Dade County, FL",0008.04,77.9,77.6-79.5,0.9161
Florida,"Miami-Dade County, FL",0008.05,81.7,81.7-97.5,1.3436
Florida,"Miami-Dade County, FL",0008.06,78.9,77.6-79.5,1.2676
Florida,"Miami-Dade County, FL",0008.07,80.5,79.6-81.6,2.2302
Florida,"Miami-Dade County, FL",0008.08,76.9,75.2-77.5,1.3781
Florida,"Miami-Dade County, FL",0009.01,75.3,75.2-77.5,0.9572
Florida,"Miami-Dade County, FL",0009.02,77.4,75.2-77.5,1.2759
Florida,"Miami-Dade County, FL",0009.03,73,56.9-75.1,2.0634
Florida,"Miami-Dade County, FL",0010.02,70.2,56.9-75.1,1.474
Florida,"Miami-Dade County, FL",0010.03,74.3,56.9-75.1,2.1394
Florida,"Miami-Dade County, FL",0010.04,71.5,56.9-75.1,1.1384
Florida,"Miami-Dade County, FL",0010.05,70.7,56.9-75.1,1.93
Florida,"Miami-Dade County, FL",0010.06,78.6,77.6-79.5,3.1727
Florida,"Miami-Dade County, FL",0011.01,80.8,79.6-81.6,1.9308
Florida,"Miami-Dade County, FL",0011.02,77.4,75.2-77.5,1.3161
Florida,"Miami-Dade County, FL",0011.03,76.9,75.2-77.5,2.2226
Florida,"Miami-Dade County, FL",0011.04,81.3,79.6-81.6,1.3874
Florida,"Miami-Dade County, FL",0012.03,75.9,75.2-77.5,1.6378
Florida,"Miami-Dade County, FL",0012.04,80.1,79.6-81.6,0.9921
Florida,"Miami-Dade County, FL",0012.05,80.6,79.6-81.6,1.3526
Florida,"Miami-Dade County, FL",0012.06,81.4,79.6-81.6,1.9709
Florida,"Miami-Dade County, FL",0013.01,75.9,75.2-77.5,1.514
Florida,"Miami-Dade County, FL",0013.02,77.7,77.6-79.5,2.214
Florida,"Miami-Dade County, FL",0014.01,77.9,77.6-79.5,3.5302
Florida,"Miami-Dade County, FL",0014.02,76,75.2-77.5,2.0821
Florida,"Miami-Dade County, FL",0015.01,72.8,56.9-75.1,1.7573
Florida,"Miami-Dade County, FL",0015.02,65.8,56.9-75.1,1.7927
Florida,"Miami-Dade County, FL",0016.02,81.4,79.6-81.6,1.2781
Florida,"Miami-Dade County, FL",0016.03,84.7,81.7-97.5,2.4925
Florida,"Miami-Dade County, FL",0016.05,75.7,75.2-77.5,1.1379
Florida,"Miami-Dade County, FL",0016.06,81.9,81.7-97.5,1.9092
Florida,"Miami-Dade County, FL",0017.01,76.1,75.2-77.5,2.8765
Florida,"Miami-Dade County, FL",0017.02,,,
Florida,"Miami-Dade County, FL",0017.03,78.2,77.6-79.5,1.4981
Florida,"Miami-Dade County, FL",0018.01,72.6,56.9-75.1,1.6749
Florida,"Miami-Dade County, FL",0018.02,71.6,56.9-75.1,1.581
Florida,"Miami-Dade County, FL",0018.03,67.7,56.9-75.1,1.8119
Florida,"Miami-Dade County, FL",0019.01,70.5,56.9-75.1,1.8514
Florida,"Miami-Dade County, FL",0019.03,71.2,56.9-75.1,1.9934
Florida,"Miami-Dade County, FL",0019.04,71,56.9-75.1,1.7445
Florida,"Miami-Dade County, FL",0020.01,74.7,56.9-75.1,3.7312
Florida,"Miami-Dade County, FL",0020.03,74.3,56.9-75.1,2.9569
Florida,"Miami-Dade County, FL",0020.04,76,75.2-77.5,2.7274
Florida,"Miami-Dade County, FL",0021.00,80.9,79.6-81.6,1.6271
Florida,"Miami-Dade County, FL",0022.01,73.7,56.9-75.1,1.2178
Florida,"Miami-Dade County, FL",0022.02,75.5,75.2-77.5,1.3993
Florida,"Miami-Dade County, FL",0023.00,70.5,56.9-75.1,1.2998
Florida,"Miami-Dade County, FL",0024.02,75.9,75.2-77.5,1.8994
Florida,"Miami-Dade County, FL",0024.03,78,77.6-79.5,1.9683
Florida,"Miami-Dade County, FL",0024.04,79.3,77.6-79.5,1.9397
Florida,"Miami-Dade County, FL",0025.01,76.5,75.2-77.5,2.4043
Florida,"Miami-Dade County, FL",0025.02,78.4,77.6-79.5,2.0981
Florida,"Miami-Dade County, FL",0026.00,77.1,75.2-77.5,1.7092
Florida,"Miami-Dade County, FL",0027.02,,,
Florida,"Miami-Dade County, FL",0027.03,81.9,81.7-97.5,2.6852
Florida,"Miami-Dade County, FL",0027.05,81.1,79.6-81.6,1.6767
Florida,"Miami-Dade County, FL",0027.06,,,
Florida,"Miami-Dade County, FL",0028.00,72.3,56.9-75.1,2.6946
Florida,"Miami-Dade County, FL",0029.00,77.3,75.2-77.5,1.8095
Florida,"Miami-Dade County, FL",0030.01,68.4,56.9-75.1,2.1595
Florida,"Miami-Dade County, FL",0030.03,79.6,79.6-81.6,1.5911
Florida,"Miami-Dade County, FL",0030.04,82,81.7-97.5,2.3468
Florida,"Miami-Dade County, FL",0031.00,71.3,56.9-75.1,1.7689
Florida,"Miami-Dade County, FL",0034.00,66.7,56.9-75.1,3.0689
Florida,"Miami-Dade County, FL",0036.01,75.7,75.2-77.5,1.8716
Florida,"Miami-Dade County, FL",0036.02,79.1,77.6-79.5,1.4501
Florida,"Miami-Dade County, FL",0037.02,,,
Florida,"Miami-Dade County, FL",0037.03,,,
Florida,"Miami-Dade County, FL",0037.04,,,
Florida,"Miami-Dade County, FL",0037.05,,,
Florida,"Miami-Dade County, FL",0037.06,,,
Florida,"Miami-Dade County, FL",0037.07,81.1,79.6-81.6,3.1933
Florida,"Miami-Dade County, FL",0038.01,85.9,81.7-97.5,2.0023
Florida,"Miami-Dade County, FL",0038.03,88,81.7-97.5,2.2506
Florida,"Miami-Dade County, FL",0038.04,85.9,81.7-97.5,2.0881
Florida,"Miami-Dade County, FL",0039.06,88.9,81.7-97.5,3.4351
Florida,"Miami-Dade County, FL",0039.09,78,77.6-79.5,2.0335
Florida,"Miami-Dade County, FL",0039.11,80.4,79.6-81.6,2.0232
Florida,"Miami-Dade County, FL",0039.12,84.2,81.7-97.5,2.2328
Florida,"Miami-Dade County, FL",0039.13,83.2,81.7-97.5,2.4629
Florida,"Miami-Dade County, FL",0039.14,82.3,81.7-97.5,2.34
Florida,"Miami-Dade County, FL",0039.15,80.5,79.6-81.6,1.4568
Florida,"Miami-Dade County, FL",0039.16,81.5,79.6-81.6,2.0423
Florida,"Miami-Dade County, FL",0039.17,78.6,77.6-79.5,1.3064
Florida,"Miami-Dade County, FL",0039.18,81.6,79.6-81.6,2.1271
Florida,"Miami-Dade County, FL",0039.19,82.1,81.7-97.5,1.5769
Florida,"Miami-Dade County, FL",0039.21,82.4,81.7-97.5,2.2836
Florida,"Miami-Dade County, FL",0039.22,84.4,81.7-97.5,2.0823
Florida,"Miami-Dade County, FL",0040.00,83.9,81.7-97.5,2.3831
Florida,"Miami-Dade County, FL",0041.02,83.6,81.7-97.5,1.8597
Florida,"Miami-Dade County, FL",0041.03,86.7,81.7-97.5,3.77
Florida,"Miami-Dade County, FL",0041.05,87.1,81.7-97.5,2.6636
Florida,"Miami-Dade County, FL",0041.06,84.3,81.7-97.5,2.5277
Florida,"Miami-Dade County, FL",0042.03,80.5,79.6-81.6,2.2467
Florida,"Miami-Dade County, FL",0042.04,81.2,79.6-81.6,2.0016
Florida,"Miami-Dade County, FL",0042.05,77.9,77.6-79.5,1.3752
Florida,"Miami-Dade County, FL",0042.06,,,
Florida,"Miami-Dade County, FL",0043.01,82.1,81.7-97.5,1.4221
Florida,"Miami-Dade County, FL",0043.03,,,
Florida,"Miami-Dade County, FL",0043.04,75.7,75.2-77.5,2.2261
Florida,"Miami-Dade County, FL",0044.03,71.5,56.9-75.1,1.5261
Florida,"Miami-Dade County, FL",0044.04,79.7,79.6-81.6,1.0715
Florida,"Miami-Dade County, FL",0044.05,76.5,75.2-77.5,1.2912
Florida,"Miami-Dade County, FL",0044.06,77.4,75.2-77.5,3.9609
Florida,"Miami-Dade County, FL",0045.00,80.7,79.6-81.6,1.4063
Florida,"Miami-Dade County, FL",0046.02,,,
Florida,"Miami-Dade County, FL",0046.05,82.8,81.7-97.5,1.0591
Florida,"Miami-Dade County, FL",0046.07,91.6,81.7-97.5,3.4695
Florida,"Miami-Dade County, FL",0046.08,,,
Florida,"Miami-Dade County, FL",0047.01,84,81.7-97.5,2.6351
Florida,"Miami-Dade County, FL",0047.02,86.4,81.7-97.5,1.9466
Florida,"Miami-Dade County, FL",0047.03,78,77.6-79.5,1.1104
Florida,"Miami-Dade County, FL",0049.01,76.7,75.2-77.5,1.49
Florida,"Miami-Dade County, FL",0049.02,79.7,79.6-81.6,0.9504
Florida,"Miami-Dade County, FL",0050.01,82.4,81.7-97.5,2.1728
Florida,"Miami-Dade County, FL",0050.02,82.2,81.7-97.5,1.5769
Florida,"Miami-Dade County, FL",0051.02,84.7,81.7-97.5,2.8134
Florida,"Miami-Dade County, FL",0051.03,83.6,81.7-97.5,2.6296
Florida,"Miami-Dade County, FL",0051.04,84.4,81.7-97.5,3.0469
Florida,"Miami-Dade County, FL",0052.01,75.7,75.2-77.5,1.0707
Florida,"Miami-Dade County, FL",0052.02,77,75.2-77.5,1.2826
Florida,"Miami-Dade County, FL",0053.02,76.8,75.2-77.5,1.1816
Florida,"Miami-Dade County, FL",0053.03,79.8,79.6-81.6,2.0965
Florida,"Miami-Dade County, FL",0053.04,82.1,81.7-97.5,1.8908
Florida,"Miami-Dade County, FL",0054.03,75.3,75.2-77.5,2.7476
Florida,"Miami-Dade County, FL",0054.05,76.7,75.2-77.5,1.0239
Florida,"Miami-Dade County, FL",0054.06,82.9,81.7-97.5,2.8986
Florida,"Miami-Dade County, FL",0054.07,84.3,81.7-97.5,2.464
Florida,"Miami-Dade County, FL",0054.09,80.2,79.6-81.6,2.3337
Florida,"Miami-Dade County, FL",0054.10,79.6,79.6-81.6,1.614
Florida,"Miami-Dade County, FL",0055.01,83.8,81.7-97.5,2.6667
Florida,"Miami-Dade County, FL",0055.02,81.6,79.6-81.6,1.4047
Florida,"Miami-Dade County, FL",0056.00,85.6,81.7-97.5,1.7402
Florida,"Miami-Dade County, FL",0057.01,84.6,81.7-97.5,1.6908
Florida,"Miami-Dade County, FL",0057.03,82.9,81.7-97.5,1.4378
Florida,"Miami-Dade County, FL",0057.04,81.3,79.6-81.6,1.4496
Florida,"Miami-Dade County, FL",0058.01,83.1,81.7-97.5,1.6725
Florida,"Miami-Dade County, FL",0058.02,86.1,81.7-97.5,1.7849
Florida,"Miami-Dade County, FL",0059.01,80.9,79.6-81.6,1.3489
Florida,"Miami-Dade County, FL",0059.02,80.2,79.6-81.6,1.3425
Florida,"Miami-Dade County, FL",0059.03,81.7,81.7-97.5,1.5851
Florida,"Miami-Dade County, FL",0059.04,79.8,79.6-81.6,1.5507
Florida,"Miami-Dade County, FL",0060.01,81,79.6-81.6,1.5272
Florida,"Miami-Dade County, FL",0060.02,82.4,81.7-97.5,1.4742
Florida,"Miami-Dade County, FL",0061.01,85.5,81.7-97.5,1.5739
Florida,"Miami-Dade County, FL",0061.02,84.7,81.7-97.5,1.7659
Florida,"Miami-Dade County, FL",0062.01,82.9,81.7-97.5,2.5754
Florida,"Miami-Dade County, FL",0062.03,84.7,81.7-97.5,2.366
Florida,"Miami-Dade County, FL",0062.05,84.4,81.7-97.5,3.1552
Florida,"Miami-Dade County, FL",0062.06,87.4,81.7-97.5,3.4655
Florida,"Miami-Dade County, FL",0063.01,81.5,79.6-81.6,2.2582
Florida,"Miami-Dade County, FL",0063.02,79.3,77.6-79.5,0.9372
Florida,"Miami-Dade County, FL",0064.01,,,
Florida,"Miami-Dade County, FL",0064.02,81.2,79.6-81.6,1.6661
Florida,"Miami-Dade County, FL",0064.03,80.3,79.6-81.6,1.4204
Florida,"Miami-Dade County, FL",0065.01,80.6,79.6-81.6,1.7638
Florida,"Miami-Dade County, FL",0065.03,78.9,77.6-79.5,1.1979
Florida,"Miami-Dade County, FL",0065.04,82.9,81.7-97.5,2.4562
Florida,"Miami-Dade County, FL",0066.01,81.6,79.6-81.6,1.9868
Florida,"Miami-Dade County, FL",0066.02,77.9,77.6-79.5,1.5568
Florida,"Miami-Dade County, FL",0067.02,81.5,79.6-81.6,2.4561
Florida,"Miami-Dade County, FL",0067.05,83.7,81.7-97.5,1.7749
Florida,"Miami-Dade County, FL",0067.06,82.2,81.7-97.5,1.8014
Florida,"Miami-Dade County, FL",0067.07,82,81.7-97.5,2.7633
Florida,"Miami-Dade County, FL",0067.09,,,
Florida,"Miami-Dade County, FL",0067.11,82.1,81.7-97.5,2.094
Florida,"Miami-Dade County, FL",0067.13,,,
Florida,"Miami-Dade County, FL",0067.14,81.8,81.7-97.5,3.0013
Florida,"Miami-Dade County, FL",0068.01,82.1,81.7-97.5,1.4389
Florida,"Miami-Dade County, FL",0068.02,84,81.7-97.5,2.099
Florida,"Miami-Dade County, FL",0069.00,83.4,81.7-97.5,1.5542
Florida,"Miami-Dade County, FL",0070.01,83.8,81.7-97.5,1.555
Florida,"Miami-Dade County, FL",0070.02,82.6,81.7-97.5,1.9128
Florida,"Miami-Dade County, FL",0071.01,79.2,77.6-79.5,2.7376
Florida,"Miami-Dade County, FL",0071.03,82.1,81.7-97.5,2.4008
Florida,"Miami-Dade County, FL",0071.04,78.3,77.6-79.5,3.4537
Florida,"Miami-Dade County, FL",0072.00,74.4,56.9-75.1,1.83
Florida,"Miami-Dade County, FL",0073.00,85.5,81.7-97.5,2.551
Florida,"Miami-Dade County, FL",0074.00,87.4,81.7-97.5,2.2872
Florida,"Miami-Dade County, FL",0075.01,84.6,81.7-97.5,1.3631
Florida,"Miami-Dade County, FL",0075.03,85.7,81.7-97.5,3.8779
Florida,"Miami-Dade County, FL",0076.01,83.3,81.7-97.5,1.726
Florida,"Miami-Dade County, FL",0076.03,77,75.2-77.5,2.0155
Florida,"Miami-Dade County, FL",0076.04,80.9,79.6-81.6,1.6044
Florida,"Miami-Dade County, FL",0076.05,,,
Florida,"Miami-Dade County, FL",0076.06,81.8,81.7-97.5,1.463
Florida,"Miami-Dade County, FL",0077.01,83,81.7-97.5,1.6371
Florida,"Miami-Dade County, FL",0077.02,82.5,81.7-97.5,1.2204
Florida,"Miami-Dade County, FL",0077.04,80.3,79.6-81.6,1.2466
Florida,"Miami-Dade County, FL",0077.05,87,81.7-97.5,2.328
Florida,"Miami-Dade County, FL",0078.01,82.3,81.7-97.5,3.0406
Florida,"Miami-Dade County, FL",0078.04,85.3,81.7-97.5,2.4788
Florida,"Miami-Dade County, FL",0078.05,84.3,81.7-97.5,1.6307
Florida,"Miami-Dade County, FL",0078.06,85,81.7-97.5,1.7775
Florida,"Miami-Dade County, FL",0078.07,84.5,81.7-97.5,1.979
Florida,"Miami-Dade County, FL",0079.01,82.9,81.7-97.5,1.3829
Florida,"Miami-Dade County, FL",0079.02,84.7,81.7-97.5,1.9964
Florida,"Miami-Dade County, FL",0080.00,86.3,81.7-97.5,2.9636
Florida,"Miami-Dade County, FL",0081.01,,,
Florida,"Miami-Dade County, FL",0081.02,86.6,81.7-97.5,1.9219
Florida,"Miami-Dade County, FL",0082.02,85.4,81.7-97.5,3.0702
Florida,"Miami-Dade County, FL",0082.05,85.1,81.7-97.5,2.729
Florida,"Miami-Dade County, FL",0082.06,82.7,81.7-97.5,2.1115
Florida,"Miami-Dade County, FL",0082.07,82.2,81.7-97.5,2.3723
Florida,"Miami-Dade County, FL",0082.08,79.4,77.6-79.5,1.1989
Florida,"Miami-Dade County, FL",0082.09,87.5,81.7-97.5,3.4389
Florida,"Miami-Dade County, FL",0083.04,75.1,56.9-75.1,1.3064
Florida,"Miami-Dade County, FL",0083.05,86.1,81.7-97.5,2.417
Florida,"Miami-Dade County, FL",0083.06,81.7,81.7-97.5,1.4231
Florida,"Miami-Dade County, FL",0083.07,82.5,81.7-97.5,2.604
Florida,"Miami-Dade County, FL",0083.08,81.8,81.7-97.5,2.6144
Florida,"Miami-Dade County, FL",0083.09,66.8,56.9-75.1,1.489
Florida,"Miami-Dade County, FL",0084.05,84.9,81.7-97.5,1.9118
Florida,"Miami-Dade County, FL",0084.07,81.4,79.6-81.6,1.4318
Florida,"Miami-Dade County, FL",0084.09,86,81.7-97.5,2.3211
Florida,"Miami-Dade County, FL",0084.10,,,
Florida,"Miami-Dade County, FL",0084.12,82.6,81.7-97.5,1.3973
Florida,"Miami-Dade County, FL",0084.14,85.6,81.7-97.5,3.5628
Florida,"Miami-Dade County, FL",0084.15,81.9,81.7-97.5,1.2882
Florida,"Miami-Dade County, FL",0084.16,76,75.2-77.5,1.1886
Florida,"Miami-Dade County, FL",0084.17,82.1,81.7-97.5,1.2809
Florida,"Miami-Dade County, FL",0084.18,,,
Florida,"Miami-Dade County, FL",0084.19,78.9,77.6-79.5,2.4726
Florida,"Miami-Dade County, FL",0085.01,85.4,81.7-97.5,1.8582
Florida,"Miami-Dade County, FL",0085.02,85.2,81.7-97.5,1.7728
Florida,"Miami-Dade County, FL",0086.01,79.5,77.6-79.5,1.68
Florida,"Miami-Dade County, FL",0086.02,84,81.7-97.5,1.7465
Florida,"Miami-Dade County, FL",0087.01,82.2,81.7-97.5,1.3309
Florida,"Miami-Dade County, FL",0087.02,,,
Florida,"Miami-Dade County, FL",0088.03,83.1,81.7-97.5,1.9753
Florida,"Miami-Dade County, FL",0088.04,80.6,79.6-81.6,1.0204
Florida,"Miami-Dade County, FL",0088.05,82.5,81.7-97.5,1.8018
Florida,"Miami-Dade County, FL",0088.06,79.9,79.6-81.6,1.2487
Florida,"Miami-Dade County, FL",0089.01,81.2,79.6-81.6,1.2005
Florida,"Miami-Dade County, FL",0089.02,80.8,79.6-81.6,1.0197
Florida,"Miami-Dade County, FL",0089.04,,,
Florida,"Miami-Dade County, FL",0089.06,82,81.7-97.5,1.5242
Florida,"Miami-Dade County, FL",0089.07,86.8,81.7-97.5,1.9318
Florida,"Miami-Dade County, FL",0090.06,85.4,81.7-97.5,1.7742
Florida,"Miami-Dade County, FL",0090.10,85.4,81.7-97.5,3.6535
Florida,"Miami-Dade County, FL",0090.14,79.2,77.6-79.5,1.5556
Florida,"Miami-Dade County, FL",0090.15,85.1,81.7-97.5,2.1681
Florida,"Miami-Dade County, FL",0090.17,81.9,81.7-97.5,1.7687
Florida,"Miami-Dade County, FL",0090.19,82.9,81.7-97.5,1.5251
Florida,"Miami-Dade County, FL",0090.20,84.5,81.7-97.5,2.9563
Florida,"Miami-Dade County, FL",0090.21,79.9,79.6-81.6,1.446
Florida,"Miami-Dade County, FL",0090.22,82.5,81.7-97.5,2.8565
Florida,"Miami-Dade County, FL",0090.23,84.5,81.7-97.5,1.8634
Florida,"Miami-Dade County, FL",0090.24,84.4,81.7-97.5,2.8544
Florida,"Miami-Dade County, FL",0090.26,82.9,81.7-97.5,1.9789
Florida,"Miami-Dade County, FL",0090.27,78.9,77.6-79.5,1.2644
Florida,"Miami-Dade County, FL",0090.28,85.8,81.7-97.5,2.7359
Florida,"Miami-Dade County, FL",0090.29,82.2,81.7-97.5,1.8713
Florida,"Miami-Dade County, FL",0090.30,80.4,79.6-81.6,0.913
Florida,"Miami-Dade County, FL",0090.31,81.5,79.6-81.6,1.9363
Florida,"Miami-Dade County, FL",0090.34,81.9,81.7-97.5,1.6646
Florida,"Miami-Dade County, FL",0090.35,,,
Florida,"Miami-Dade County, FL",0090.36,85.3,81.7-97.5,2.6874
Florida,"Miami-Dade County, FL",0090.38,82.1,81.7-97.5,2.3188
Florida,"Miami-Dade County, FL",0090.39,81.2,79.6-81.6,2.424
Florida,"Miami-Dade County, FL",0090.40,,,
Florida,"Miami-Dade County, FL",0090.43,82.1,81.7-97.5,2.2506
Florida,"Miami-Dade County, FL",0090.44,,,
Florida,"Miami-Dade County, FL",0090.46,,,
Florida,"Miami-Dade County, FL",0090.47,81.2,79.6-81.6,3.8341
Florida,"Miami-Dade County, FL",0091.00,84.1,81.7-97.5,1.6017
Florida,"Miami-Dade County, FL",0092.00,80.4,79.6-81.6,1.2761
Florida,"Miami-Dade County, FL",0093.05,80.7,79.6-81.6,0.9383
Florida,"Miami-Dade County, FL",0093.06,81.3,79.6-81.6,1.8599
Florida,"Miami-Dade County, FL",0093.07,81.2,79.6-81.6,1.75
Florida,"Miami-Dade County, FL",0093.08,83.7,81.7-97.5,1.8743
Florida,"Miami-Dade County, FL",0093.09,83,81.7-97.5,1.625
Florida,"Miami-Dade County, FL",0093.11,80.4,79.6-81.6,1.1252
Florida,"Miami-Dade County, FL",0093.12,87.1,81.7-97.5,3.9982
Florida,"Miami-Dade County, FL",0093.13,80.6,79.6-81.6,1.4811
Florida,"Miami-Dade County, FL",0093.14,77.9,77.6-79.5,1.2989
Florida,"Miami-Dade County, FL",0093.15,,,
Florida,"Miami-Dade County, FL",0094.00,80,79.6-81.6,2.8652
Florida,"Miami-Dade County, FL",0095.01,79,77.6-79.5,3.3987
Florida,"Miami-Dade County, FL",0095.03,75.5,75.2-77.5,2.0085
Florida,"Miami-Dade County, FL",0095.04,76.5,75.2-77.5,2.0586
Florida,"Miami-Dade County, FL",0096.00,74.5,56.9-75.1,1.4101
Florida,"Miami-Dade County, FL",0097.03,84.7,81.7-97.5,3.2111
Florida,"Miami-Dade County, FL",0097.04,81.8,81.7-97.5,1.9377
Florida,"Miami-Dade County, FL",0097.05,86.2,81.7-97.5,3.2667
Florida,"Miami-Dade County, FL",0097.06,83.8,81.7-97.5,3.8451
Florida,"Miami-Dade County, FL",0098.03,81.8,81.7-97.5,3.1762
Florida,"Miami-Dade County, FL",0098.04,78.4,77.6-79.5,2.0576
Florida,"Miami-Dade County, FL",0098.06,85.4,81.7-97.5,3.2217
Florida,"Miami-Dade County, FL",0098.07,78.4,77.6-79.5,1.841
Florida,"Miami-Dade County, FL",0098.08,79.7,79.6-81.6,2.5507
Florida,"Miami-Dade County, FL",0099.01,79,77.6-79.5,1.4469
Florida,"Miami-Dade County, FL",0099.03,77,75.2-77.5,1.8249
Florida,"Miami-Dade County, FL",0099.04,73.8,56.9-75.1,3.0166
Florida,"Miami-Dade County, FL",0099.05,84.1,81.7-97.5,3.6244
Florida,"Miami-Dade County, FL",0099.06,82.7,81.7-97.5,3.8453
Florida,"Miami-Dade County, FL",0100.01,75.4,75.2-77.5,1.7412
Florida,"Miami-Dade County, FL",0100.05,80.9,79.6-81.6,1.732
Florida,"Miami-Dade County, FL",0100.06,78.7,77.6-79.5,2.0261
Florida,"Miami-Dade County, FL",0100.09,79.2,77.6-79.5,2.727
Florida,"Miami-Dade County, FL",0100.10,74.7,56.9-75.1,1.1944
Florida,"Miami-Dade County, FL",0100.11,72.8,56.9-75.1,1.2706
Florida,"Miami-Dade County, FL",0100.12,75.8,75.2-77.5,1.5939
Florida,"Miami-Dade County, FL",0100.13,81.7,81.7-97.5,2.8939
Florida,"Miami-Dade County, FL",0100.15,75.7,75.2-77.5,1.6887
Florida,"Miami-Dade County, FL",0100.16,77.4,75.2-77.5,1.1335
Florida,"Miami-Dade County, FL",0101.93,84.1,81.7-97.5,2.8171
Florida,"Miami-Dade County, FL",0101.98,84.6,81.7-97.5,2.4128
Florida,"Miami-Dade County, FL",0102.01,79.7,79.6-81.6,1.9108
Florida,"Miami-Dade County, FL",0102.04,85,81.7-97.5,3.482
Florida,"Miami-Dade County, FL",0102.05,80.2,79.6-81.6,1.3933
Florida,"Miami-Dade County, FL",0102.07,76.7,75.2-77.5,1.8085
Florida,"Miami-Dade County, FL",0102.08,81.1,79.6-81.6,2.2975
Florida,"Miami-Dade County, FL",0102.09,77.4,75.2-77.5,1.2649
Florida,"Miami-Dade County, FL",0102.10,77.6,77.6-79.5,1.3013
Florida,"Miami-Dade County, FL",0103.00,79.5,77.6-79.5,1.688
Florida,"Miami-Dade County, FL",0104.00,79.3,77.6-79.5,3.406
Florida,"Miami-Dade County, FL",0105.00,79.4,77.6-79.5,3.0615
Florida,"Miami-Dade County, FL",0106.04,80.6,79.6-81.6,1.5709
Florida,"Miami-Dade County, FL",0106.06,78.9,77.6-79.5,1.5267
Florida,"Miami-Dade County, FL",0106.08,78.9,77.6-79.5,1.2791
Florida,"Miami-Dade County, FL",0106.09,79.3,77.6-79.5,1.9775
Florida,"Miami-Dade County, FL",0106.10,76.6,75.2-77.5,1.1761
Florida,"Miami-Dade County, FL",0106.12,81.1,79.6-81.6,2.2281
Florida,"Miami-Dade County, FL",0106.13,78.3,77.6-79.5,1.5779
Florida,"Miami-Dade County, FL",0106.14,76.8,75.2-77.5,1.7039
Florida,"Miami-Dade County, FL",0106.17,81.5,79.6-81.6,3.467
Florida,"Miami-Dade County, FL",0107.03,76.8,75.2-77.5,1.0323
Florida,"Miami-Dade County, FL",0107.04,80.9,79.6-81.6,2.8328
Florida,"Miami-Dade County, FL",0108.01,76.2,75.2-77.5,1.9518
Florida,"Miami-Dade County, FL",0108.02,74.4,56.9-75.1,1.4307
Florida,"Miami-Dade County, FL",0109.00,81,79.6-81.6,3.2415
Florida,"Miami-Dade County, FL",0110.01,79,77.6-79.5,1.3244
Florida,"Miami-Dade County, FL",0110.03,75.9,75.2-77.5,1.2864
Florida,"Miami-Dade County, FL",0110.05,79.3,77.6-79.5,1.7007
Florida,"Miami-Dade County, FL",0110.07,82,81.7-97.5,3.6916
Florida,"Miami-Dade County, FL",0110.08,79.1,77.6-79.5,2.5735
Florida,"Miami-Dade County, FL",0110.09,79.6,79.6-81.6,3.364
Florida,"Miami-Dade County, FL",0111.01,77.1,75.2-77.5,1.8657
Florida,"Miami-Dade County, FL",0111.02,79.5,77.6-79.5,1.5305
Florida,"Miami-Dade County, FL",0112.01,78,77.6-79.5,1.1811
Florida,"Miami-Dade County, FL",0112.02,76.3,75.2-77.5,1.2341
Florida,"Miami-Dade County, FL",0113.00,71.3,56.9-75.1,1.7055
Florida,"Miami-Dade County, FL",0114.01,76.5,75.2-77.5,2.5063
Florida,"Miami-Dade County, FL",0114.03,74.4,56.9-75.1,1.323
Florida,"Miami-Dade County, FL",0114.04,75.1,56.9-75.1,1.6767
Florida,"Miami-Dade County, FL",0115.00,78.1,77.6-79.5,1.6559
Florida,"Miami-Dade County, FL",0116.00,80.2,79.6-81.6,2.7229
Florida,"Miami-Dade County, FL",0117.00,87.1,81.7-97.5,3.4747
Florida,"Miami-Dade County, FL",0118.00,84.2,81.7-97.5,2.8301
Florida,"Miami-Dade County, FL",0119.00,84.7,81.7-97.5,2.2575
Florida,"Miami-Dade County, FL",0120.00,77.6,77.6-79.5,2.1219
Florida,"Miami-Dade County, FL",0121.00,77.6,77.6-79.5,1.3896
Florida,"Miami-Dade County, FL",0122.00,79.5,77.6-79.5,1.2249
Florida,"Miami-Dade County, FL",0123.00,82.6,81.7-97.5,1.1669
Florida,"Miami-Dade County, FL",0124.00,79.5,77.6-79.5,3.0125
Florida,"Miami-Dade County, FL",0125.00,80,79.6-81.6,0.9873
Florida,"Miami-Dade County, FL",0126.00,77.9,77.6-79.5,1.3551
Florida,"Miami-Dade County, FL",0127.00,82.6,81.7-97.5,1.5156
Florida,"Miami-Dade County, FL",0128.00,81.9,81.7-97.5,1.2346
Florida,"Miami-Dade County, FL",0129.00,82.2,81.7-97.5,1.9782
Florida,"Miami-Dade County, FL",0130.00,79.2,77.6-79.5,1.1078
Florida,"Miami-Dade County, FL",0131.00,84.7,81.7-97.5,2.9751
Florida,"Miami-Dade County, FL",0132.00,79.2,77.6-79.5,1.5228
Florida,"Miami-Dade County, FL",0133.00,79.7,79.6-81.6,1.2019
Florida,"Miami-Dade County, FL",0134.00,83.3,81.7-97.5,1.6605
Florida,"Miami-Dade County, FL",0135.00,81.2,79.6-81.6,1.6465
Florida,"Miami-Dade County, FL",0136.00,87.4,81.7-97.5,2.6443
Florida,"Miami-Dade County, FL",0137.00,81.4,79.6-81.6,1.2699
Florida,"Miami-Dade County, FL",0138.00,81.7,81.7-97.5,1.8475
Florida,"Miami-Dade County, FL",0139.00,83,81.7-97.5,1.9288
Florida,"Miami-Dade County, FL",0140.00,,,
Florida,"Miami-Dade County, FL",0141.00,,,
Florida,"Miami-Dade County, FL",0142.00,84,81.7-97.5,2.0281
Florida,"Miami-Dade County, FL",0143.00,81.5,79.6-81.6,2.3906
Florida,"Miami-Dade County, FL",0144.00,85.1,81.7-97.5,2.7047
Florida,"Miami-Dade County, FL",0145.00,79.4,77.6-79.5,1.0673
Florida,"Miami-Dade County, FL",0146.00,82.6,81.7-97.5,1.4432
Florida,"Miami-Dade County, FL",0147.00,83.5,81.7-97.5,1.5849
Florida,"Miami-Dade County, FL",0148.00,82,81.7-97.5,1.5026
Florida,"Miami-Dade County, FL",0149.00,83.7,81.7-97.5,1.8312
Florida,"Miami-Dade County, FL",0150.00,82.2,81.7-97.5,1.4805
Florida,"Miami-Dade County, FL",0151.00,78.6,77.6-79.5,2.3019
Florida,"Miami-Dade County, FL",0152.00,83.6,81.7-97.5,2.0619
Florida,"Miami-Dade County, FL",0153.00,83.2,81.7-97.5,1.7811
Florida,"Miami-Dade County, FL",0154.00,82.6,81.7-97.5,1.1419
Florida,"Miami-Dade County, FL",0155.00,81.1,79.6-81.6,1.0144
Florida,"Miami-Dade County, FL",0156.00,88,81.7-97.5,3.7989
Florida,"Miami-Dade County, FL",0157.00,84.1,81.7-97.5,3.4676
Florida,"Miami-Dade County, FL",0158.00,79.2,77.6-79.5,1.1608
Florida,"Miami-Dade County, FL",0159.00,82.1,81.7-97.5,2.071
Florida,"Miami-Dade County, FL",0160.00,81.7,81.7-97.5,1.9577
Florida,"Miami-Dade County, FL",0161.00,81.2,79.6-81.6,1.4293
Florida,"Miami-Dade County, FL",0162.00,85.1,81.7-97.5,2.5619
Florida,"Miami-Dade County, FL",0163.00,84.1,81.7-97.5,2.5467
Florida,"Miami-Dade County, FL",0164.00,82.9,81.7-97.5,1.9269
Florida,"Miami-Dade County, FL",0165.00,87.9,81.7-97.5,3.9519
Florida,"Miami-Dade County, FL",0166.00,88,81.7-97.5,3.3954
Florida,"Miami-Dade County, FL",0167.00,83.5,81.7-97.5,1.8258
Florida,"Miami-Dade County, FL",0168.00,85.9,81.7-97.5,2.9967
Florida,"Miami-Dade County, FL",0169.00,85.8,81.7-97.5,3.4894
Florida,"Miami-Dade County, FL",0170.00,81.6,79.6-81.6,1.5448
Florida,"Miami-Dade County, FL",0171.00,82.6,81.7-97.5,1.4122
Florida,"Miami-Dade County, FL",0172.00,81.1,79.6-81.6,1.4988
Florida,"Miami-Dade County, FL",0173.00,85.6,81.7-97.5,3.03
Florida,"Miami-Dade County, FL",0174.00,86.5,81.7-97.5,2.7343
Florida,"Miami-Dade County, FL",0175.00,84.5,81.7-97.5,2.1035
Florida,"Miami-Dade County, FL",0176.00,77.9,77.6-79.5,1.7642
Florida,"Miami-Dade County, FL",0177.00,80.3,79.6-81.6,1.5436
Florida,"Miami-Dade County, FL",0178.00,84.9,81.7-97.5,2.5865
Florida,"Miami-Dade County, FL",0179.00,83.9,81.7-97.5,1.8235
Florida,"Miami-Dade County, FL",0180.00,79.4,77.6-79.5,1.5908
Florida,"Miami-Dade County, FL",0181.00,78,77.6-79.5,1.4865
Florida,"Miami-Dade County, FL",0182.00,81.3,79.6-81.6,2.4048
Florida,"Miami-Dade County, FL",0183.00,83.7,81.7-97.5,2.7539
Florida,"Miami-Dade County, FL",0184.00,81.4,79.6-81.6,1.9769
Florida,"Miami-Dade County, FL",0185.00,84.6,81.7-97.5,2.2925
Florida,"Miami-Dade County, FL",0186.00,85.9,81.7-97.5,3.3769
Florida,"Miami-Dade County, FL",0187.00,79.6,79.6-81.6,1.0318
Florida,"Miami-Dade County, FL",0188.00,78.9,77.6-79.5,1.1073
Florida,"Miami-Dade County, FL",0189.00,86.5,81.7-97.5,3.1569
Florida,"Miami-Dade County, FL",0190.00,84,81.7-97.5,1.9622
Florida,"Miami-Dade County, FL",0191.00,84.8,81.7-97.5,2.3023
Florida,"Miami-Dade County, FL",0192.00,79.3,77.6-79.5,1.5131
Florida,"Miami-Dade County, FL",0193.00,78.9,77.6-79.5,1.4011
Florida,"Miami-Dade County, FL",0194.00,83.4,81.7-97.5,2.605
Florida,"Miami-Dade County, FL",0195.00,79.6,79.6-81.6,1.3178
Florida,"Miami-Dade County, FL",0196.00,80.6,79.6-81.6,1.9231
Florida,"Miami-Dade County, FL",0197.00,80.6,79.6-81.6,1.3174
Florida,"Miami-Dade County, FL",0198.00,84,81.7-97.5,3.0236
Florida,"Miami-Dade County, FL",0199.00,82,81.7-97.5,1.7263
Florida,"Miami-Dade County, FL",0200.00,82.4,81.7-97.5,2.3197
Florida,"Miami-Dade County, FL",0201.00,82.8,81.7-97.5,2.5012
Florida,"Miami-Dade County, FL",0202.00,76.1,75.2-77.5,1.054
Florida,"Miami-Dade County, FL",0203.00,83.6,81.7-97.5,2.6408
Florida,"Miami-Dade County, FL",4901.00,81.2,79.6-81.6,2.0194
Florida,"Miami-Dade County, FL",9801.00,,,
Florida,"Miami-Dade County, FL",9802.00,,,
Florida,"Miami-Dade County, FL",9803.00,,,
Florida,"Miami-Dade County, FL",9804.00,,,
Florida,"Miami-Dade County, FL",9805.00,,,
Florida,"Miami-Dade County, FL",9806.00,,,
Florida,"Miami-Dade County, FL",9807.00,,,
Florida,"Miami-Dade County, FL",9808.00,,,
Florida,"Miami-Dade County, FL",9809.00,,,
Florida,"Miami-Dade County, FL",9810.00,,,
Florida,Miami-Dade County,9900.00,,,

